secret;recovered;error;steps
0.8444218515250481;0.8444245444383957;2.6929133475350753e-06;1040
0.7579544029403025;0.7579548773047821;4.743644795857094e-07;1040
0.420571580830845;0.4205709885208686;5.923099763993633e-07;1040
0.25891675029296335;0.25891660452460086;1.457683624916939e-07;1040
0.5112747213686085;0.5112740308195199;6.905490885777965e-07;1040
0.4049341374504143;0.4049337709982622;3.664521520674313e-07;1040
0.7837985890347726;0.7837992184253094;6.293905367993347e-07;1040
0.30331272607892745;0.3033129731599768;2.4708104934267894e-07;1040
0.4765969541523558;0.4765968587339305;9.541842532767575e-08;1040
0.5833820394550312;0.5833809944520233;1.0450030079045547e-06;1040
0.9081128851953352;0.9081127519754459;1.3321988923120642e-07;1040
0.5046868558173903;0.5046869675541326;1.117367423031368e-07;1040
0.28183784439970383;0.2818379934696809;1.4906997708452607e-07;1040
0.7558042041572239;0.7558045329127756;3.287555516706675e-07;1040
0.6183689966753316;0.6183676983645846;1.2983107470221356e-06;1040
0.25050634136244054;0.25050623198086497;1.0938157557482953e-07;1040
0.9097462559682401;0.909745237739935;1.018228305116331e-06;1040
0.9827854760376531;0.9827881605338632;2.684496210103582e-06;1040
0.8102172359965896;0.8102192262638813;1.9902672917515574e-06;1040
0.9021659504395827;0.9021684889407409;2.538501158166895e-06;1040
0.3101475693193326;0.3101477361595697;1.6684023707025375e-07;1040
0.7298317482601286;0.7298300318777232;1.7163824054255983e-06;1040
0.8988382879679935;0.8988400360710036;1.748103010124069e-06;1040
0.6839839319154413;0.6839829776575233;9.542579180177313e-07;1040
0.47214271545271336;0.472143524830653;8.09377939670064e-07;1040
0.1007012080683658;0.10070117897792207;2.909044373444747e-08;1040
0.4341718354537837;0.43417210601892414;2.7056514045886715e-07;1040
0.6108869734438016;0.6108859738861533;9.995576483179391e-07;1040
0.9130110532378982;0.9130088011674521;2.252070446129295e-06;1040
0.9666063677707588;0.9666041054420891;2.2623286697331935e-06;1040
0.47700977655271704;0.47700966414766804;1.1240504899090453e-07;1040
0.8653099277716401;0.8653073619652153;2.565806424770223e-06;1040
0.2604923103919594;0.26049221884033347;9.155162594698396e-08;1040
0.8050278270130223;0.8050289743361392;1.1473231168457332e-06;1040
0.5486993038355893;0.5486996473087671;3.434731777884892e-07;1040
0.014041700164018955;0.01404169968715459;4.768643657032667e-10;1040
0.7197046864039541;0.7197032717528875;1.4146510666224188e-06;1040
0.39882354222426875;0.3988236600724487;1.1784817993687469e-07;1040
0.824844977148233;0.824842437801083;2.5393471499990383e-06;1040
0.6681532012318508;0.6681534685388476;2.6730699675958647e-07;1040
0.0011428193144282783;0.0011428193122774914;2.1507869270298574e-12;1040
0.49357786646532464;0.49357853096068793;6.644953632894968e-07;1040
0.8676027754927809;0.8676041794225989;1.403929818066807e-06;1040
0.24391087688713198;0.24391092651055638;4.962342439740475e-08;1040
0.32520436274739006;0.3252039782108968;3.8453649325864703e-07;1040
0.8704712321086546;0.8704736162257473;2.3841170926353072e-06;1040
0.19106709150239054;0.19106719465538968;1.031529991424307e-07;1040
0.5675107406206719;0.5675107540499524;1.34292805764602e-08;1040
0.23861592861522019;0.23861576929973793;1.593154822510101e-07;1040
0.9675402502901433;0.9675388187008884;1.4315892549188192e-06;1040
0.80317946927987;0.803179087146083;3.8213378705798107e-07;1040
0.44796957143557037;0.44796926773334156;3.0370222880993225e-07;1040
0.08044581855253541;0.08044580547535;1.3077185403997937e-08;1040
0.32005460467254576;0.3200543060895342;2.985830115376231e-07;1040
0.5079406425205739;0.5079414289340446;7.864134706769832e-07;1040
0.9328338242269067;0.932833722986702;1.0124020477508822e-07;1040
0.10905784593110368;0.10905785419652496;8.265421277964258e-09;1040
0.5512672460905512;0.5512681666102383;9.205196870309962e-07;1040
0.7065614098668896;0.7065628428114379;1.4329445482408332e-06;1040
0.5474409113284238;0.5474414903947558;5.790663319960032e-07;1040
0.814466863291336;0.8144684473635971;1.5840722611404345e-06;1040
0.540283606970324;0.5402836373679145;3.039759055578628e-08;1040
0.9638385459738009;0.9638391199320536;5.739582527031217e-07;1040
0.603185627961383;0.6031859254163033;2.9745492036159504e-07;1040
0.5876170641754364;0.5876179353661516;8.71190715234782e-07;1040
0.4449890262755162;0.44498839761467857;6.286608376093739e-07;1040
0.5962868615831063;0.5962873071945081;4.456114017781232e-07;1040
0.38490114597266045;0.38490079566093893;3.503117215197804e-07;1040
0.5756510141648885;0.575651039665164;2.5500275446788123e-08;1040
0.290329502402758;0.2903294758444556;2.65583023906224e-08;1040
0.18939132855435614;0.1893913833798484;5.482549225721556e-08;1040
0.1867295282555551;0.18672940747404854;1.207815065740192e-07;1040
0.6127731798686067;0.6127737558993827;5.760307759672401e-07;1040
0.6566593889896288;0.6566585422673337;8.467222951669129e-07;1040
0.47653099200938076;0.4765310147625289;2.2753148143372925e-08;1040
0.08982436119559367;0.08982434595311757;1.524247610074081e-08;1040
0.7576039219664368;0.7576043951597754;4.7319333862372304e-07;1040
0.8767703708227748;0.8767680416336388;2.32918913600777e-06;1040
0.9233810159462806;0.9233836453618415;2.629415560839732e-06;1040
0.8424602231401824;0.8424597882152556;4.3492492685093254e-07;1040
0.898173121357879;0.8981748286010902;1.7072432112463787e-06;1040
0.9230824398201768;0.9230845073894227;2.0675692459226624e-06;1040
0.5405999249480544;0.5406000664036642;1.4145560978118255e-07;1040
0.3912960502346249;0.3912964950435638;4.4480893890419537e-07;1040
0.7052833998544062;0.7052815944598546;1.8053945516349756e-06;1040
0.27563412131212717;0.27563437312379807;2.5181167090382317e-07;1040
0.8116287085078785;0.8116290230196449;3.145117664082875e-07;1040
0.8494859651863671;0.849486861250004;8.960636369570452e-07;1040
0.8950389674266752;0.895040715639244;1.7482125688195183e-06;1040
0.5898011835311598;0.5898020298743871;8.46343227278723e-07;1040
0.9497648732321206;0.9497661308145748;1.2575824542837566e-06;1040
0.5796950107456059;0.5796939924061998;1.018339406133606e-06;1040
0.4505631066311552;0.45056246401347505;6.426176801244132e-07;1040
0.660245378622389;0.6602441561450832;1.222477305717895e-06;1040
0.9962578393535727;0.9962565889734692;1.250380103456905e-06;1040
0.9169412179474561;0.9169432891786673;2.0712312112092235e-06;1040
0.7933250841302242;0.7933252026861398;1.1855591564025048e-07;1040
0.0823729881966474;0.08237297413306863;1.4063578773759744e-08;1040
0.6127831050407122;0.6127823503423385;7.546983736839152e-07;1040
0.4864442019691668;0.486443656417993;5.455511738472474e-07;1040
0.6301473404114728;0.6301462722803812;1.0681310915749975e-06;1040
0.8450775756715152;0.8450778688656709;2.931941557315909e-07;1040
0.24303562206185625;0.24303579656654828;1.745046920298421e-07;1040
0.7314892207908478;0.7314877598912859;1.460899561878115e-06;1040
0.11713429320851798;0.11713425371730476;3.949121321622506e-08;1040
0.22046053686782852;0.22046044194016357;9.492766495089455e-08;1040
0.7945829717105759;0.7945852391388033;2.267428227398227e-06;1040
0.33253614921965546;0.3325362766501293;1.2743047383967365e-07;1040
0.8159130965336595;0.8159133988402965;3.023066369456373e-07;1040
0.1006075202160962;0.10060749666776814;2.354832806528151e-08;1040
0.14635848891230385;0.14635848516198624;3.750317612016829e-09;1040
0.6976706401912388;0.6976720666629407;1.426471701870824e-06;1040
0.04523406786561235;0.045234060344635695;7.520976653963007e-09;1040
0.5738660367891669;0.5738666339756963;5.971865293386003e-07;1040
0.9100160146990397;0.9100168364778782;8.217788385334046e-07;1040
0.534197968260724;0.5341973610474299;6.07213294090414e-07;1040
0.6805891325622565;0.680587683975772;1.4485864845426022e-06;1040
0.026696794662205203;0.026696792350010035;2.312195167969433e-09;1040
0.6349999099114583;0.6350003027917398;3.928802815300614e-07;1040
0.6063384177542189;0.6063390071217263;5.893675073531668e-07;1040
0.5759529480315407;0.575952050866859;8.971646817679257e-07;1040
0.3912094093228269;0.3912089027245716;5.065982552898696e-07;1040
0.3701399403351875;0.37014016652805803;2.2619287054492787e-07;1040
0.9805166506472687;0.9805163959259855;2.547212831771617e-07;1040
0.036392037611485795;0.03639204240592515;4.7944393524734785e-09;1040
0.021636509855024078;0.021636510356668477;5.016443996308517e-10;1040
0.9610312802396112;0.9610335333775704;2.25313795920723e-06;1040
0.18497194139743833;0.18497201189097726;7.049353892285559e-08;1040
0.12389516442443171;0.12389518553510097;2.1110669254365e-08;1040
0.21057650988664645;0.2105765422885772;3.2401930749603736e-08;1040
0.8007465903541809;0.8007453226422299;1.2677119510806634e-06;1040
0.9369691586445807;0.9369681069701443;1.0516744364252872e-06;1040
0.022782575668658378;0.022782576244724972;5.760665937326603e-10;1040
0.42561883196681716;0.42561855326969883;2.786971183277309e-07;1040
0.10150021937416975;0.10150025574081008;3.6366640324136945e-08;1040
0.259919889792832;0.259919865709127;2.4083704974753317e-08;1040
0.22082927131631735;0.22082927227865812;9.623407626335734e-10;1040
0.6469257198353225;0.6469257061066348;1.3728687742187162e-08;1040
0.3502939673965323;0.3502936440593034;3.233372288802272e-07;1040
0.18031790152968785;0.1803180245799419;1.2305025404169e-07;1040
0.5036365052098872;0.5036359060370449;5.991728423415665e-07;1040
0.03937870708469238;0.039378705029097946;2.055594430783181e-09;1040
0.10092124118896661;0.10092122805254723;1.3136419382830944e-08;1040
0.9882351487225011;0.9882344071023317;7.416201693866142e-07;1040
0.19935579046706298;0.1993558714937013;8.102663831555112e-08;1040
0.35855530131160185;0.35855567759204826;3.7628044641246916e-07;1040
0.7315983062253606;0.7315979984203931;3.07804967514258e-07;1040
0.8383265651934163;0.8383269533960773;3.8820266101691203e-07;1040
0.9184820619953314;0.9184789654217952;3.0965735362542546e-06;1040
0.16942460609746768;0.16942455086762995;5.5229837730985665e-08;1040
0.6726405635730526;0.6726418507504047;1.287177352149449e-06;1040
0.9665489030431832;0.9665470822256716;1.8208175115441705e-06;1040
0.05805094382649867;0.05805095358319768;9.75669901120968e-09;1040
0.6762017842993783;0.676202243655058;4.5935567971611135e-07;1040
0.8454245937016164;0.8454267220944746;2.128392858180561e-06;1040
0.342312541078584;0.3423125790836547;3.800507070161885e-08;1040
0.25068733928511167;0.2506873379675452;1.3175664448361601e-09;1040
0.596791393469411;0.5967922960467155;9.02577304451313e-07;1040
0.44231403369907896;0.4423139547636523;7.89354266395037e-08;1040
0.17481948445144113;0.17481942470655473;5.974488639926001e-08;1040
0.47162541509628797;0.47162536814247497;4.6953813004346756e-08;1040
0.40990539565755457;0.4099055076987067;1.1204115213381272e-07;1040
0.5691127395242802;0.5691124334862435;3.0603803669038143e-07;1040
0.5086001300626332;0.5085997326467775;3.974158556685481e-07;1040
0.3114460010002068;0.31144625335185144;2.523516446362173e-07;1040
0.35715168259026286;0.35715171290966435;3.031940148945367e-08;1040
0.837661174368979;0.8376626074063659;1.4330373868665092e-06;1040
0.25093266482213705;0.25093258311883365;8.170330340062648e-08;1040
0.560600218853524;0.5606003254828245;1.0662930050031605e-07;1040
0.012436318829314397;0.0124363184485799;3.807344960138348e-10;1040
0.7415743774106636;0.7415734786999607;8.987107028568531e-07;1040
0.3359165544734606;0.3359162464680895;3.0800537109687554e-07;1040
0.04569649356841665;0.04569649130421974;2.2641969132930484e-09;1040
0.28088316421834825;0.28088311716142444;4.705692380202464e-08;1040
0.24013040782635398;0.2401305152733465;1.0744699252551726e-07;1040
0.9531293398277989;0.953129601687058;2.6185925905419793e-07;1040
0.35222556151550743;0.35222525733925786;3.0417624957701506e-07;1040
0.2878779148564;0.2878776730737342;2.4178266583296804e-07;1040
0.35920119725374633;0.3592012573359441;6.008219777253743e-08;1040
0.9469058356578911;0.9469049244517651;9.11206125997488e-07;1040
0.6337478522492526;0.6337476217299542;2.3051929831652274e-07;1040
0.6210768456186673;0.6210780446314552;1.1990127879446533e-06;1040
0.7156193503014563;0.7156206236674792;1.2733660229580224e-06;1040
0.38801723531250565;0.3880171521864301;8.312607552296569e-08;1040
0.4144179882772473;0.41441825979869074;2.7152144344011475e-07;1040
0.650832862263345;0.6508318374906588;1.0247726862644413e-06;1040
0.001524221856720187;0.0015242218643121235;7.591936411130429e-12;1040
0.1923095412446758;0.19230963917733754;9.793266173008242e-08;1040
0.3344016906625016;0.3344018961142669;2.0545176532271725e-07;1040
0.23941596018595857;0.23941599972966332;3.954370475511837e-08;1040
0.6373994011293003;0.6373996707766898;2.6964738952806044e-07;1040
0.37864807032309444;0.3786484475997198;3.772766253296034e-07;1040
0.8754233917130172;0.8754211902527642;2.201460252981846e-06;1040
0.5681514209101919;0.5681503427619046;1.078148287314562e-06;1040
0.4144063966836443;0.41440646751304583;7.082940151059702e-08;1040
0.40226707511907955;0.40226680190956426;2.7320951528908566e-07;1040
0.7018296239336754;0.7018299131226323;2.891889568923389e-07;1040
0.41822655329246605;0.41822657662185164;2.3329385590020735e-08;1040
0.6621958889738174;0.6621955131848506;3.757889668332126e-07;1040
0.04677968595679827;0.04677969356145715;7.60465888177686e-09;1040
0.44535218971882984;0.4453527821807241;5.924618942665383e-07;1040
0.25922692344722276;0.2592269194751462;3.972076556557624e-09;1040
0.15768657212231085;0.15768657699509817;4.8727873125375964e-09;1040
0.5275731301676146;0.527572667427403;4.627402115930934e-07;1040
0.48726560106903205;0.4872664682735149;8.6720448283506e-07;1040
0.5614049256144269;0.5614047110675179;2.1454690901645534e-07;1040
0.7554847672586825;0.7554865167859315;1.7495272489620461e-06;1040
0.8838751542487009;0.8838747745165804;3.797321205256665e-07;1040
0.4945826703752868;0.4945823923506361;2.7802465069060034e-07;1040
0.31205824641687296;0.31205798709361;2.59323262974398e-07;1040
0.46689223535252355;0.4668928606413579;6.252888343216689e-07;1040
0.8090458573603624;0.8090439699151588;1.8874452035744227e-06;1040
0.8750163314802711;0.8750179413659471;1.609885675990519e-06;1040
0.8124149323637591;0.812413805927363;1.1264363960483692e-06;1040
0.188001294050828;0.18800134540757746;5.135674946421531e-08;1040
0.9994203594553304;0.9994166917654415;3.667689888908754e-06;1040
0.6330887599183004;0.6330894943137771;7.343954767646821e-07;1040
0.08346705017572931;0.08346703541802451;1.4757704794310378e-08;1040
0.7255543554613124;0.7255557000949346;1.3446336222244781e-06;1040
0.9868214802051282;0.9868207570253534;7.231797747309088e-07;1040
0.40181682221254356;0.4018166852392025;1.3697334105833292e-07;1040
0.6785150052419683;0.6785160567259136;1.0514839453579228e-06;1040
0.31617713722134233;0.3161770825166897;5.470465264112434e-08;1040
0.2135246620646961;0.2135246505861779;1.1478518219254497e-08;1040
0.7173241433110372;0.7173242631626474;1.1985161019190116e-07;1040
0.0023575647193538884;0.0023575647341253186;1.477143017278304e-11;1040
0.8227314105314157;0.822730026017883;1.3845135327095193e-06;1040
0.5283459768597928;0.5283467598088516;7.829490588084909e-07;1040
0.09778434180065931;0.09778431304528172;2.8755377592948328e-08;1040
0.11890389478474583;0.11890390901862455;1.423387871457571e-08;1040
0.6492654248961536;0.649265024581739;4.003144146169646e-07;1040
0.8736538239003423;0.8736531635866758;6.603136665228604e-07;1040
0.27998274332687256;0.2799825267252456;2.1660162696779395e-07;1040
0.9785151867733981;0.9785180235835147;2.836810116590982e-06;1040
0.10018068906370903;0.1001807230527177;3.39890086770156e-08;1040
0.8539381095973382;0.8539365372023858;1.5723949523538394e-06;1040
0.39669617733090445;0.3966956155921667;5.617387377476746e-07;1040
0.08134541676823415;0.08134542169792557;4.929691418964488e-09;1040
0.2747138434192621;0.2747140927415763;2.4932231423857587e-07;1040
0.4529781848179143;0.45297755536855056;6.294493637426513e-07;1040
0.7923415311856522;0.792342079571524;5.483858718235979e-07;1040
0.8613599036372361;0.8613609255529232;1.0219156870716617e-06;1040
0.13342055420254906;0.13342053496675227;1.9235796788752424e-08;1040
0.5208655284141989;0.5208659109649603;3.82550761401923e-07;1040
0.6507832381497373;0.6507833659787544;1.278290171491392e-07;1040
0.3470530145996015;0.3470529282723213;8.632728015767199e-08;1040
0.8718638357105861;0.871863265828763;5.698818231758551e-07;1040
0.27840981521636055;0.27841011071874255;2.955023820083724e-07;1040
0.01857432754559518;0.01857432767224372;1.2664853887844885e-10;1040
0.0406632736752609;0.0406632787839858;5.108724894509198e-09;1040
0.6809967701112433;0.6809978672056237;1.0970943804533562e-06;1040
0.5583557360970469;0.558355502637952;2.334590949448767e-07;1040
0.946502554169996;0.9465014929899878;1.061180008199436e-06;1040
0.9384387997349186;0.9384372505289235;1.5492059951549564e-06;1040
0.9098511774051025;0.9098525946056637;1.4172005612378413e-06;1040
0.04200453196734122;0.04200452790813304;4.059208177920048e-09;1040
0.7491348233908631;0.7491348244929685;1.1021054069360048e-09;1040
0.7013248175948597;0.7013229530344984;1.864560361219958e-06;1040
0.6553618646747296;0.655361638404096;2.2627063356317478e-07;1040
0.7123576525162417;0.7123575048574029;1.4765883882272846e-07;1040
0.9027101506193307;0.9027090500246214;1.1005947092579405e-06;1040
0.6401411997932241;0.6401422190965278;1.0193033036509647e-06;1040
0.372449262972256;0.3724488128677155;4.5010454052807347e-07;1040
0.5379287837318205;0.537928798471644;1.4739823472886826e-08;1040
0.20784410369082473;0.2078441042360256;5.452008566830813e-10;1040
0.5871255046951435;0.5871257169861609;2.1229101743180934e-07;1040
0.008897082049078797;0.00889708177523363;2.7384516702866346e-10;1040
0.15102317386398778;0.1510231382076257;3.5656362085134674e-08;1040
0.3334083880298664;0.33340837260176404;1.5428102351222606e-08;1040
0.7896231589257826;0.789621280351339;1.878574443558989e-06;1040
0.7184994227715396;0.7184999821844106;5.594128710262325e-07;1040
0.3382559700266786;0.33825599655220023;2.652552161253041e-08;1040
0.6205381083165517;0.6205370141106459;1.0942059057716946e-06;1040
0.041202949506209285;0.041202949327935674;1.7827361115108076e-10;1040
0.16386054567557595;0.16386058498598888;3.931041292482007e-08;1040
0.9819140701253054;0.981912028557195;2.0415681104557493e-06;1040
0.28953085363586695;0.2895310296230764;1.7598720947198387e-07;1040
0.39479198298829066;0.3947922078900008;2.2490171014410976e-07;1040
0.5484842965725134;0.5484838150155981;4.815569153437949e-07;1040
0.29340700145733656;0.2934067865093587;2.149479778612573e-07;1040
0.47806466915102097;0.47806399255942883;6.765915921413956e-07;1040
0.2397060836386239;0.23970629249134742;2.0885272353221573e-07;1040
0.04825636228829444;0.0482563708059118;8.517617361425422e-09;1040
0.17958684904155564;0.17958697134009954;1.222985439031099e-07;1040
0.5230502317000981;0.5230504626054755;2.309053773741354e-07;1040
0.07086288409434749;0.07086288724419913;3.1498516434025348e-09;1040
0.4031691464450935;0.40316882725400605;3.1919108745004365e-07;1040
0.3285207100154869;0.3285206020905993;1.0792488758237795e-07;1040
0.4147216089714424;0.4147211583032351;4.506682073079915e-07;1040
0.09940033823870109;0.09940032344236716;1.4796333935862549e-08;1040
0.9086575543967805;0.9086604620530685;2.907656287964855e-06;1040
0.4740046511372964;0.47400463980066576;1.1336630634239953e-08;1040
0.8408483326276716;0.8408492402834222;9.076557506704219e-07;1040
0.976229457649057;0.9762295784036614;1.207546044268426e-07;1040
0.34365159365776776;0.3436516395108145;4.5853046748423054e-08;1040
0.4790865191519861;0.47908621556174896;3.035902371162358e-07;1040
0.6995952911506185;0.6995935512624464;1.73988817209203e-06;1040
0.42653532354402823;0.42653545702900636;1.3348497812648574e-07;1040
0.30190311621935595;0.30190313311566785;1.6896311905156836e-08;1040
0.7347509912186152;0.7347517650982821;7.738796669043424e-07;1040
0.8943997782145745;0.894399426807008;3.5140756649010285e-07;1040
0.9196888444316101;0.9196905643166629;1.7198850527089249e-06;1040
0.6267420468068673;0.6267414199132129;6.268936544318038e-07;1040
0.3755713463285453;0.375571464798055;1.1846950970229031e-07;1040
0.9745605214796941;0.9745601088528442;4.1262684991050236e-07;1040
0.6388785175004733;0.6388785310941;1.3593626668750858e-08;1040
0.06583467727730097;0.06583467546391089;1.8133900769878863e-09;1040
0.08466956912011114;0.08466956473712106;4.382990081985838e-09;1040
0.749869571783086;0.7498677010300726;1.8707530133887929e-06;1040
0.06115615654596607;0.06115616373289997;7.186933902170178e-09;1040
0.007851005331251826;0.00785100555818393;2.2693210505186912e-10;1040
0.39380795178170946;0.39380769606333516;2.557183743090441e-07;1040
0.5190037287013293;0.5190035062988649;2.2240246433380406e-07;1040
0.44854428559655457;0.44854414449560515;1.411009494245441e-07;1040
0.48861880442715255;0.48861791497126755;8.894558850003342e-07;1040
0.5848887019932744;0.5848882740771316;4.279161427422906e-07;1040
0.6793025673721249;0.6793037592543165;1.1918821916090394e-06;1040
0.4230380735074225;0.42303875133337315;6.778259506456941e-07;1040
0.3683314563344259;0.3683313498391894;1.0649523646266701e-07;1040
0.9884590580992895;0.9884579853321016;1.0727671878596468e-06;1040
0.26091653544625626;0.2609163883926128;1.470536434844405e-07;1040
0.7771001545085096;0.7770982726472341;1.8818612754767372e-06;1040
0.43122102463204415;0.43122101755026643;7.081777719797344e-09;1040
0.35852038200953895;0.35852037041342594;1.1596113014267218e-08;1040
0.06385794894382868;0.06385795658144201;7.63761333344437e-09;1040
0.8635789443020424;0.8635799113834396;9.670813971851544e-07;1040
0.7020041497619371;0.7020028225363729;1.3272255642293729e-06;1040
0.9030107075409272;0.9030137892311031;3.0816901759322946e-06;1040
0.4516117926868677;0.4516119029119858;1.1022511808844726e-07;1040
0.6769209668166035;0.6769216467532065;6.799366030207921e-07;1040
0.11891028655385572;0.11891027342050747;1.3133348242266862e-08;1040
0.3979536016023134;0.3979530339394988;5.676628145878659e-07;1040
0.20723197341708288;0.207231898711362;7.470572088719152e-08;1040
0.04210142789066196;0.042101428943800895;1.0531389371681854e-09;1040
0.94796135125632;0.9479595711211962;1.7801351237523022e-06;1040
0.21589436846535714;0.21589444443071826;7.596536111265095e-08;1040
0.1463544898080057;0.14635456300034;7.31923343044727e-08;1040
0.19797004355794223;0.1979701833390099;1.3978106766510123e-07;1040
0.37803196431429753;0.3780314228237279;5.414905696055072e-07;1040
0.5463912623151137;0.5463917310894945;4.687743807574307e-07;1040
0.15133436847289106;0.15133438824350529;1.9770614229086547e-08;1040
0.9886898889857565;0.9886891224735331;7.665122233602162e-07;1040
0.9829892105452821;0.9829871644399114;2.0461053706899435e-06;1040
0.14840201708602985;0.1484020164794262;6.06603656194693e-10;1040
0.4059068831679489;0.4059068816068799;1.5610689962919366e-09;1040
0.6799294831100022;0.6799310067566692;1.5236466669454884e-06;1040
0.8776565829010952;0.8776545346801167;2.0482209784900007e-06;1040
0.49540592491118873;0.4954067757852703;8.508740815815763e-07;1040
0.9170466727598151;0.9170459355551902;7.372046249010111e-07;1040
0.3224603148813061;0.3224605725574421;2.576761359840418e-07;1040
0.4984408914907503;0.49844179895688945;9.074661391217376e-07;1040
0.4986465918650089;0.49864659480208706;2.9370781362558773e-09;1040
0.6700681513152942;0.6700697052034794;1.5538881852350528e-06;1040
0.2019913087994536;0.2019912174381395;9.136131409737125e-08;1040
0.6097706104167804;0.6097719263558228;1.3159390424011264e-06;1040
0.21877309687215574;0.21877292411330887;1.7275884686696052e-07;1040
0.340220315051032;0.3402200871367517;2.2791428028190452e-07;1040
0.9625664632546818;0.962565038426373;1.4248283087825442e-06;1040
0.8990080380310076;0.8990064919253892;1.5461056184218336e-06;1040
0.8181183809177941;0.8181185495423238;1.6862452967281172e-07;1040
0.035468261876012264;0.03546826556008738;3.6840751144184836e-09;1040
0.14836688246192975;0.14836690790400842;2.5442078666060297e-08;1040
0.2568819120719038;0.2568817768022068;1.3526969699917402e-07;1040
0.7841665681891542;0.7841649790455792;1.5891435749537663e-06;1040
0.8423333270773672;0.8423352644990055;1.9374216383427623e-06;1040
0.5829481802462215;0.5829476947298899;4.855163315831135e-07;1040
0.7181316517768294;0.7181299429920802;1.7087847491437103e-06;1040
0.8070553799750758;0.8070563243692563;9.443941805242773e-07;1040
0.06635913103778524;0.06635913530409583;4.2663105964679815e-09;1040
0.08464313683307012;0.0846431554683184;1.863524827505625e-08;1040
0.8688953140043785;0.8688925054441679;2.808560210620925e-06;1040
0.03941582937802879;0.03941582945268105;7.465226353753351e-11;1040
0.22509065367649606;0.22509069520828773;4.153179167243337e-08;1040
0.04063202664590093;0.040632029684147905;3.038246973452452e-09;1040
0.015285139969726802;0.01528514072476257;7.550357682822861e-10;1040
0.8439546856924078;0.8439569496447348;2.263952326941876e-06;1040
0.3305943672500803;0.3305946046835413;2.3743346100335572e-07;1040
0.1606900602627206;0.1606899743466361;8.591608449681765e-08;1040
0.1488194902889095;0.14881954982404091;5.953513140810607e-08;1040
0.656083661770337;0.6560833318733904;3.2989694653817736e-07;1040
0.9685982716927071;0.9685970078664514;1.2638262556485813e-06;1040
0.5049996926056783;0.5050000288963334;3.362906551007683e-07;1040
0.9010904768840049;0.9010893066454924;1.1702385125378356e-06;1040
0.5024285989524275;0.5024293104208313;7.114684037468066e-07;1040
0.5738724774915492;0.5738716590885706;8.184029786084679e-07;1040
0.6785713567893591;0.6785722606046329;9.038152738449767e-07;1040
0.805109989032137;0.8051080924198636;1.8966122734553892e-06;1040
0.7578463822613826;0.7578453168048059;1.065456576632151e-06;1040
0.9905325627055622;0.990534632664397;2.0699588347827813e-06;1040
0.7469653891501328;0.7469660488110672;6.596609344322601e-07;1040
0.9057807233528663;0.9057782476944712;2.4756583950624744e-06;1040
0.20610483206558328;0.20610473961334919;9.245223409060088e-08;1040
0.535416304328581;0.5354171815353947;8.772068137430367e-07;1040
0.5986142636674691;0.5986129855064521;1.278161016915469e-06;1040
0.8256966171603538;0.8256946041205356;2.0130398181716913e-06;1040
0.4822135630659161;0.482212987949458;5.751164581235813e-07;1040
0.7910402117090956;0.7910413982274714;1.186518375884127e-06;1040
0.3885688901501142;0.38856929409654645;4.0394643224805904e-07;1040
0.5863884555814496;0.5863876219385347;8.336429149213842e-07;1040
0.8513166074810679;0.8513186566946062;2.0492135383021193e-06;1040
0.7980594711041583;0.7980589204114747;5.506926835652237e-07;1040
0.6569845518861341;0.6569843939139522;1.57972181891175e-07;1040
0.00024069652516689466;0.00024069652504501177;1.2188289114957451e-13;1040
0.18196892218621108;0.18196900312856407;8.094235298683472e-08;1040
0.5068577868511277;0.506857181527277;6.053238507108816e-07;1040
0.2544593984833793;0.2544595752859399;1.7680256059193766e-07;1040
0.06562084327273077;0.06562083132970147;1.1943029301630936e-08;1040
0.8598834221214616;0.859886045680134;2.6235586724210336e-06;1040
0.9429470213131631;0.9429470692973148;4.79841516520807e-08;1040
0.3028048781490337;0.3028049517222101;7.357317644007821e-08;1040
0.40807316738486077;0.4080729146397466;2.5274511417094914e-07;1040
0.8100375338172869;0.8100389655737148;1.4317564278609751e-06;1040
0.06225875887122312;0.062258746289386414;1.2581836704439464e-08;1040
0.6409848625624502;0.640984324071878;5.38490572243866e-07;1040
0.12732081293278708;0.127320810617191;2.315596075996851e-09;1040
0.2870883399952252;0.2870882355195907;1.0447563453253039e-07;1040
0.829940686628406;0.8299399415562007;7.450722053770065e-07;1040
0.0555270458896614;0.055527042383894144;3.505767252887093e-09;1040
0.035933833430188966;0.035933828701032615;4.7291563512463775e-09;1040
0.4178660447962945;0.4178665761255079;5.313292134045966e-07;1040
0.49183095909626395;0.491830160394899;7.987013649346508e-07;1040
0.8633251831082008;0.8633239473727544;1.23573544641431e-06;1040
0.7171887463451895;0.7171868887083227;1.857636866775536e-06;1040
0.6735438085995347;0.6735440042548709;1.956553362658653e-07;1040
0.15137377239978678;0.15137371251444334;5.988534343415175e-08;1040
0.9867059242186832;0.9867093253034723;3.4010847891341456e-06;1040
0.41114019628748133;0.41113984720899993;3.4907848139864583e-07;1040
0.6117708643248599;0.6117698675148949;9.968099650148332e-07;1040
0.38668300553323576;0.38668356125788983;5.55724654072165e-07;1040
0.04703291581184044;0.047032911591352776;4.220487660744343e-09;1040
0.4708892090480652;0.4708900141728295;8.051247643026116e-07;1040
0.15136775389483625;0.15136776886943618;1.497459992116923e-08;1040
0.03246546237394399;0.032465458450878566;3.9230654211297455e-09;1040
0.6174004236810055;0.6174006636944085;2.400134030411394e-07;1040
0.6299662912183356;0.629967581700603;1.2904822673798222e-06;1040
0.10529282465636491;0.10529279618519263;2.8471172280886137e-08;1040
0.5491437662317772;0.5491433251845009;4.410472762561568e-07;1040
0.3466679766399683;0.3466683241181675;3.4747819921410183e-07;1040
0.3834140731648874;0.38341458134966777;5.081847803678485e-07;1040
0.7764198986996783;0.7764215963581543;1.6976584760186597e-06;1040
0.49031967752424566;0.49031963624052866;4.1283717000517584e-08;1040
0.8812766154122413;0.8812777559260268;1.1405137854136882e-06;1040
0.6101197429062234;0.6101210494834276;1.3065772042075707e-06;1040
0.4671884150380703;0.46718908447378316;6.694357128633754e-07;1040
0.6323126400553846;0.6323137447868802;1.1047314956158516e-06;1040
0.3378653798287524;0.33786537403190947;5.796842950100967e-09;1040
0.12432379252825243;0.12432376803305006;2.449520236647018e-08;1040
0.6825296186925238;0.6825298052213489;1.865288250524344e-07;1040
0.622037442746657;0.6220359775905313;1.4651561256462386e-06;1040
0.7885664913738635;0.7885666499213371;1.585474735943393e-07;1040
0.1271091249471088;0.1271091806300861;5.568297731239902e-08;1040
0.9117833181295222;0.9117830174569662;3.006725559639989e-07;1040
0.799341211421814;0.7993389256321829;2.2857896311290204e-06;1040
0.9168874080910093;0.916885560689315;1.8474016942882088e-06;1040
0.8725347217734669;0.8725365215567885;1.7997833215988024e-06;1040
0.681006446357057;0.6810049436661064;1.502690950561103e-06;1040
0.8102508494373589;0.8102492775124793;1.5719248795953433e-06;1040
0.5190073092314018;0.519007616509631;3.0727822919462966e-07;1040
0.7854891493606652;0.7854901972534931;1.0478928279544775e-06;1040
0.18912746785718504;0.189127396792805;7.106438004722548e-08;1040
0.7821141063572942;0.7821155045304962;1.3981732019940907e-06;1040
0.44457960405634067;0.44457936555045835;2.3850588232177117e-07;1040
0.756616221297365;0.7566160320259533;1.8927141176572349e-07;1040
0.4554702368121878;0.45547090149336716;6.64681179374238e-07;1040
0.7895587282777832;0.7895594449614924;7.166837092675848e-07;1040
0.07533958521856021;0.0753395819340658;3.284494412558736e-09;1040
0.04464090542441246;0.04464090031083311;5.113579344684371e-09;1040
0.9342895823715677;0.9342899198448933;3.3747332561784305e-07;1040
0.4861651007487351;0.4861657953253574;6.945766223287464e-07;1040
0.9010713996489047;0.9010707226948527;6.769540520368267e-07;1040
0.9447832518820701;0.944782224785108;1.0270969621473114e-06;1040
0.6665111524556335;0.6665124190517839;1.2665961504065848e-06;1040
0.5717968260934746;0.5717962644261075;5.616673670605365e-07;1040
0.21597938410680917;0.21597946850450464;8.439769547119447e-08;1040
0.09347621929900818;0.09347619966245815;1.9636550024904054e-08;1040
0.8193942150822732;0.8193920450105493;2.170071723872624e-06;1040
0.8887720676319878;0.8887713552420572;7.123899306016312e-07;1040
0.7793957106948857;0.7793948439539399;8.667409457929764e-07;1040
0.6985024327316249;0.698501179072463;1.2536591619261017e-06;1040
0.42011111607482077;0.4201113164216562;2.0034683545500087e-07;1040
0.3053115900269564;0.3053117185780289;1.285510725090866e-07;1040
0.11344489563770899;0.11344487811591074;1.752179824843214e-08;1040
0.425970248072163;0.42596988974740213;3.583247608629492e-07;1040
0.5660129742477574;0.5660133738969342;3.996491767521704e-07;1040
0.9228805831375125;0.9228830237036567;2.4405661441795345e-06;1040
0.9357547693309531;0.9357573507626517;2.5814316985117713e-06;1040
0.41564119654091314;0.41564174238976875;5.458488556153718e-07;1040
0.0992109880980957;0.09921102438909929;3.629100359114901e-08;1040
0.7738187324714434;0.7738179928977734;7.395736699722377e-07;1040
0.7342793416571158;0.7342784075471487;9.341099671544839e-07;1040
0.03070084595190614;0.03070084674908478;7.971786390725821e-10;1040
0.4467185991338365;0.44671884612173046;2.46987893970374e-07;1040
0.6864181042985581;0.6864187315560839;6.272575258092772e-07;1040
0.030134234552269934;0.030134234043577984;5.086919496744002e-10;1040
0.9192823534016137;0.9192841938413738;1.840439760147916e-06;1040
0.9622424865104192;0.962239980031641;2.5064787781969855e-06;1040
0.72254277208884;0.7225439420959353;1.1700070953191144e-06;1040
0.0785385396518038;0.07853854738560867;7.733804874288097e-09;1040
0.07032946587635569;0.07032946277684728;3.0995084138174533e-09;1040
0.3592533148212369;0.359253437413919;1.2259268211689545e-07;1040
0.029377507756986443;0.02937750867421194;9.172254969436189e-10;1040
0.3478777272843395;0.34787732249755493;4.0478678459132666e-07;1040
0.009964241312966027;0.009964241560941865;2.479758377804675e-10;1040
0.9743235128409679;0.9743210445525603;2.4682884075533096e-06;1040
0.8190066990688627;0.8190080449894556;1.345920592865646e-06;1040
0.07051761147818736;0.07051762981095785;1.8332770496121142e-08;1040
0.8934350918478603;0.8934361697414207;1.0778935604083273e-06;1040
0.20797804000401565;0.20797800135032105;3.865369460620549e-08;1040
0.20479079826934998;0.2047908804061069;8.213675692370082e-08;1040
0.6737591455288341;0.6737586647373142;4.807915199300794e-07;1040
0.9382622681625481;0.9382625906876694;3.2252512127683985e-07;1040
0.12318812122923739;0.1231881435923077;2.236307031222573e-08;1040
0.007184567252270457;0.007184567190971647;6.129881064548259e-11;1040
0.3691301471700257;0.3691300778549271;6.931509860530483e-08;1040
0.024650014436155776;0.02465001397790748;4.582482969472945e-10;1040
0.6048482375805311;0.6048476598101084;5.777704227272196e-07;1040
0.8591756086192088;0.8591758409234672;2.323042583851631e-07;1040
0.1869917024228578;0.1869918061261102;1.0370325240205425e-07;1040
0.11239103583018406;0.11239098810724785;4.772293621391199e-08;1040
0.34444960733861085;0.34444997772816804;3.7038955719159716e-07;1040
0.9591715206073138;0.959169859094119;1.661513194806119e-06;1040
0.13015769442868408;0.13015770718587283;1.2757188749823456e-08;1040
0.9665192604669938;0.9665185731403816;6.873266121809607e-07;1040
0.36223986994484925;0.3622399557812554;8.583640614956423e-08;1040
0.47337040276011155;0.4733712424225461;8.396624345263781e-07;1040
0.29263198596497353;0.29263184920993734;1.367550361841552e-07;1040
0.9371268442154698;0.9371288845355001;2.0403200303720226e-06;1040
0.9581478949874975;0.9581461649518449;1.7300356526250837e-06;1040
0.6359157065077434;0.6359152999167942;4.0659094924233585e-07;1040
0.18404555017515556;0.1840455564425142;6.267358632072728e-09;1040
0.9929517886102871;0.9929508910816083;8.975286788226455e-07;1040
0.10258043954691198;0.1025804373865436;2.1603683841853183e-09;1040
0.5808493815940804;0.5808500125190833;6.309250029090663e-07;1040
0.15640306008300875;0.15640312896945788;6.888644912828035e-08;1040
0.8976753141502056;0.8976765687869189;1.2546367132992842e-06;1040
0.9456783914956152;0.9456751911054354;3.2003901797583723e-06;1040
0.8043902980001079;0.8043916524236632;1.3544235553109019e-06;1040
0.3158914186681244;0.3158913304131445;8.825497993525389e-08;1040
0.2428386899579852;0.24283857604314593;1.1391483925593526e-07;1040
0.7548584132190378;0.754859981282845;1.568063807244613e-06;1040
0.291059519145354;0.29105928463174024;2.3451361375048663e-07;1040
0.4197853778540753;0.4197857066220849;3.287680095942491e-07;1040
0.04625567690264132;0.046255674897477325;2.005163993179515e-09;1040
0.13223381043380655;0.13223387292445068;6.249064413155203e-08;1040
0.020549620641776678;0.020549619864486206;7.77290471570824e-10;1040
0.0779211200935358;0.0779211128394283;7.25410749524702e-09;1040
0.07321114936486084;0.0732111453289159;4.035944939362324e-09;1040
0.42023170217414685;0.42023119256054337;5.096136034832277e-07;1040
0.5507771776374378;0.5507770725260688;1.0511136905311247e-07;1040
0.740878819870922;0.740877655590695;1.1642802270062091e-06;1040
0.14228347384241602;0.14228343683019007;3.7012225950761035e-08;1040
0.4221887461694188;0.42218847285547023;2.733139485844305e-07;1040
0.6369660374117204;0.6369660139326596;2.3479060806685936e-08;1040
0.08455569481893255;0.08455567981064771;1.5008284837136898e-08;1040
0.44481115514620384;0.4448117121443249;5.569981210706842e-07;1040
0.3692560392397978;0.3692559073141529;1.319256448528705e-07;1040
0.9489319289416618;0.9489341215054425;2.1925637807562737e-06;1040
0.05785711390101722;0.05785710391806284;9.982954379816888e-09;1040
0.40862622118314806;0.40862632009664474;9.891349667112692e-08;1040
0.41722547979620506;0.4172254469579168;3.2838288255288006e-08;1040
0.728180504599678;0.7281798004994459;7.041002321184209e-07;1040
0.3206710028745039;0.32067132730264164;3.24428137743471e-07;1040
0.20399027594623398;0.20399025431081777;2.1635416208587444e-08;1040
0.2933116551663051;0.2933115820166738;7.314963129667618e-08;1040
0.4708875424493587;0.47088832245675866;7.800073999475465e-07;1040
0.9502683295716211;0.9502687928428242;4.632712030661068e-07;1040
0.7965170227633064;0.7965166979122672;3.2485103917956337e-07;1040
0.2769702457797433;0.2769705082786652;2.624989219324192e-07;1040
0.5581815883930463;0.5581819227108481;3.3431780177561876e-07;1040
0.6882003035685332;0.6881991425863648;1.1609821684022137e-06;1040
0.7956571556821322;0.7956560404772528;1.1152048794427216e-06;1040
0.4461643839498476;0.4461638223745683;5.615752792786921e-07;1040
0.398776905129706;0.3987763378670492;5.67262656792078e-07;1040
0.7676407428212785;0.767640917969036;1.7514775751958922e-07;1040
0.43171649556411207;0.43171671225747804;2.166933659730752e-07;1040
0.2479576688970051;0.2479576017321013;6.716490380531681e-08;1040
0.4534470315306477;0.45344768237351524;6.508428675444655e-07;1040
0.9371046462904561;0.9371020844429987;2.561847457394073e-06;1040
0.14256748821860132;0.14256742535773195;6.286086937090651e-08;1040
0.4624353545272121;0.4624354136788051;5.915159301261852e-08;1040
0.6373035243637815;0.6373035958700128;7.150623138052481e-08;1040
0.48328798826810027;0.4832886874858273;6.992177270515043e-07;1040
0.20363990437036994;0.20364004719989498;1.4282952504052204e-07;1040
0.0018431606156659175;0.0018431606182814457;2.6155282367018584e-12;1040
0.698991711803439;0.6989928832549842;1.1714515452121432e-06;1040
0.6187355180234525;0.6187354989768149;1.9046637600439453e-08;1040
0.007776649435864202;0.007776649398638986;3.722521683263702e-11;1040
0.2985601210181208;0.2985602948428693;1.738247484839306e-07;1040
0.7686342595428415;0.7686357758810266;1.516338185125754e-06;1040
0.6289203785446209;0.6289217038734211;1.3253288001502384e-06;1040
0.5452081159439722;0.5452076162349344;4.997090378155988e-07;1040
0.1562211098090489;0.15622119019255307;8.038350415850992e-08;1040
0.7062940429996885;0.7062925192978675;1.5237018209379727e-06;1040
0.4714349217158037;0.4714353795937452;4.578779415065348e-07;1040
0.6781787462359636;0.6781790288740392;2.8263807561046406e-07;1040
0.7600898367234922;0.760091044841034;1.2081175417844037e-06;1040
0.23236272144124515;0.2323627618960668;4.045482165926373e-08;1040
0.7619950130977117;0.7619955642500646;5.511523529788676e-07;1040
0.28008838468838926;0.28008842513299564;4.044460638619185e-08;1040
0.9840151371182455;0.9840129427971908;2.1943210547492598e-06;1040
0.12083161078451865;0.1208315836974343;2.708708435328333e-08;1040
0.8837180187440564;0.883719832657423;1.8139133666217333e-06;1040
0.040547125043371324;0.04054712258875213;2.454619195402241e-09;1040
0.256575818348144;0.2565760432846792;2.24936535175857e-07;1040
0.5261019087624684;0.5261009438525158;9.649099526054528e-07;1040
0.5816161834445946;0.5816155148352514;6.686093432239915e-07;1040
0.3962349850280922;0.3962351134469087;1.284188165251443e-07;1040
0.10203172822707107;0.10203168951452977;3.8712541297614145e-08;1040
0.2526080858247133;0.25260828967312904;2.0384841575848966e-07;1040
0.28339650386048865;0.283396774294681;2.70434192373159e-07;1040
0.7552228545587315;0.7552209824579599;1.8721007716271387e-06;1040
0.9087743252220071;0.9087738638766688;4.6134533826514e-07;1040
0.5954099154864194;0.5954096871273635;2.2835905588713956e-07;1040
0.03545096569102746;0.03545096923396701;3.5429395528474572e-09;1040
0.7922364716417103;0.7922367184359804;2.467942701311898e-07;1040
0.30560393283991993;0.3056035794266902;3.5341322973669875e-07;1040
0.33989040641624346;0.3398901279852086;2.78431034839155e-07;1040
0.5301854376454147;0.5301847143934844;7.232519303457252e-07;1040
0.24904704757555507;0.24904687394605113;1.7362950394117505e-07;1040
0.9199780878573697;0.9199810489743635;2.961116993827062e-06;1040
0.1635547583408129;0.16355469927145835;5.9069354546581465e-08;1040
0.41483040050373277;0.4148301001216905;3.003820422398107e-07;1040
0.2896919495072058;0.2896916478709967;3.016362090657587e-07;1040
0.5198341022016146;0.5198350925968157;9.903952010725803e-07;1040
0.5739818030823766;0.5739822338415321;4.307591555674506e-07;1040
0.6271396891048426;0.6271402563164027;5.672115600541261e-07;1040
0.5313758038379728;0.5313754862354079;3.1760256491430994e-07;1040
0.4108045023355995;0.4108048134920697;3.1115647020074633e-07;1040
0.634594012376466;0.6345944820607665;4.696843005635998e-07;1040
0.40341287658681757;0.40341327916406977;4.0257725220094187e-07;1040
0.7785502590540477;0.7785522724505282;2.0133964804269766e-06;1040
0.7881774252549901;0.7881778138576948;3.8860270468177305e-07;1040
0.29225416811082217;0.29225405892931;1.0918151216454675e-07;1040
0.37180432355577453;0.3718043454519409;2.1896166380042104e-08;1040
0.6288109059468862;0.6288100669482763;8.389986098089608e-07;1040
0.15706996711565713;0.15706998896919824;2.1853541115612884e-08;1040
0.6970319309869248;0.6970302084358141;1.7225511107499258e-06;1040
0.3814277529807131;0.3814274136403253;3.3934038778937747e-07;1040
0.591062474757007;0.5910627196948004;2.449377933810837e-07;1040
0.1395330992312218;0.13953307645672086;2.277450095178324e-08;1040
0.6682583860975598;0.6682590707124266;6.846148667971619e-07;1040
0.3540578606136997;0.35405774454044375;1.1607325595131002e-07;1040
0.4726655762072315;0.47266623032165117;6.541144196847704e-07;1040
0.4151074008495357;0.41510730646752464;9.43820110399507e-08;1040
0.47671524799509457;0.4767147302131126;5.177819819568441e-07;1040
0.6946956329164442;0.6946953897034857;2.432129585505649e-07;1040
0.31824017683207795;0.3182398137255973;3.631064806608464e-07;1040
0.6520544808985483;0.652055707701224;1.226802675668992e-06;1040
0.060222107499701916;0.060222106694007495;8.056944209022809e-10;1040
0.3001851524622099;0.3001849360167187;2.16445491196815e-07;1040
0.7452096901500458;0.7452078471059461;1.8430440996697328e-06;1040
0.05240587806206365;0.05240587766910753;3.9295611903300554e-10;1040
0.6211421952822352;0.6211427962135841;6.009313489041546e-07;1040
0.025546799267838538;0.025546798293592687;9.742458506600826e-10;1040
0.4715288683099005;0.47152865841045427;2.0989944621296885e-07;1040
0.8885450437134765;0.8885424045934779;2.6391199986486313e-06;1040
0.010110093997603875;0.010110094370625376;3.7302150084073116e-10;1040
0.5268280206539229;0.5268283663826974;3.4572877449789985e-07;1040
0.06645682965886301;0.06645684262563141;1.2966768395128447e-08;1040
0.8671097761494883;0.8671105686377634;7.924882751142448e-07;1040
0.6862965222396646;0.6862965319175116;9.677846968259018e-09;1040
0.7419538566814291;0.7419554788220144;1.6221405853000803e-06;1040
0.669007579945888;0.6690060509237165;1.5290221715424934e-06;1040
0.006423453698145676;0.0064234536036056455;9.454003031816871e-11;1040
0.041177862257898545;0.04117786306582373;8.079251850867664e-10;1040
0.6208768040220466;0.6208779887024384;1.184680391785875e-06;1040
0.9996851255769114;0.9996834803433666;1.6452335447336708e-06;1040
0.8731472390917929;0.8731468312521442;4.0783964871948797e-07;1040
0.699685806725371;0.6996869153016476;1.108576276664941e-06;1040
0.7270999543422898;0.7271012639619674;1.3096196775919111e-06;1040
0.2266870226016624;0.2266871783696655;1.5576800310723726e-07;1040
0.751613934135812;0.7516135044082861;4.2972752589687246e-07;1040
0.28792410486343756;0.2879238365534898;2.6830994775961514e-07;1040
0.10546026702239297;0.10546028443348045;1.7411087474550335e-08;1040
0.4608948954667579;0.4608955097921659;6.143254080437366e-07;1040
0.33019577252961807;0.33019567832423274;9.420538532589617e-08;1040
0.168255398651179;0.16825533548179636;6.31693826413926e-08;1040
0.42170989251140467;0.42171033475381303;4.422424083605492e-07;1040
0.8972009769638755;0.8972034266665297;2.44970265428357e-06;1040
0.4352702732981688;0.43527077400768777;5.007095189579758e-07;1040
0.4472918952497248;0.4472920424045633;1.471548384812671e-07;1040
0.708827757444238;0.7088287226189542;9.65174716260897e-07;1040
0.5241618701522923;0.5241611530009738;7.171513185522116e-07;1040
0.12922303534199353;0.129223012525282;2.2816711520157185e-08;1040
0.91039239754397;0.9103897592265243;2.638317445624594e-06;1040
0.4441243361619651;0.4441244288427426;9.268077749702286e-08;1040
0.7893377392253591;0.7893359670226764;1.7722026827149406e-06;1040
0.38887513002224416;0.38887479621248194;3.338097622207492e-07;1040
0.806846018820692;0.8068476665055909;1.6476848989643855e-06;1040
0.3895364160074527;0.38953585996299955;5.560444531482744e-07;1040
0.2201595216660458;0.2201593851017174;1.3656432840125632e-07;1040
0.19619466691666865;0.19619456899448637;9.792218227944183e-08;1040
0.9400346443375104;0.9400323451681267;2.2991693836571514e-06;1040
0.58653025858102;0.5865293181874117;9.403936083174358e-07;1040
0.04979326505826487;0.04979327198955599;6.931291124390171e-09;1040
0.38834759617804915;0.38834709825562014;4.979224290102557e-07;1040
0.234029260524927;0.23402935187160812;9.134668110810651e-08;1040
0.08465706460929934;0.08465704151826182;2.309103751263475e-08;1040
0.18675586852140846;0.1867557472431257;1.2127828274977048e-07;1040
0.05699047999950346;0.05699048977289156;9.773388098821556e-09;1040
0.6380736282281027;0.6380730070563265;6.21171776127305e-07;1040
0.17337386483746886;0.17337394139608403;7.65586151696418e-08;1040
0.6107798762435255;0.6107806474912336;7.712477081422975e-07;1040
0.6125067478912297;0.6125074476909238;6.997996940816265e-07;1040
0.7049237107399368;0.7049250420168067;1.3312768699647037e-06;1040
0.5121186506114312;0.512119027664633;3.770532017721706e-07;1040
0.28442399033479826;0.2844237669353465;2.2339945177085596e-07;1040
0.8774574539285279;0.8774547706314538;2.6832970740908735e-06;1040
0.35307108172351365;0.35307063325202803;4.484714856145544e-07;1040
0.4582943249787391;0.45829450750788026;1.8252914113503493e-07;1040
0.6318794317305464;0.6318808859792269;1.4542486804769439e-06;1040
0.5161242981674495;0.5161239513377396;3.468297099518125e-07;1040
0.9564683485665337;0.956468120040135;2.2852639869341829e-07;1040
0.9547176774381221;0.954719441176792;1.7637386698909907e-06;1040
0.9297598506094263;0.9297567999886505;3.0506207758795867e-06;1040
0.9340763496652581;0.9340768586648613;5.089996032436872e-07;1040
0.580960135568696;0.5809607180453211;5.824766251549818e-07;1040
0.49020206373000297;0.4902022750094901;2.1127948712784672e-07;1040
0.7041168173823689;0.7041184417984373;1.6244160684353304e-06;1040
0.21541959298546798;0.21541968561072036;9.262525238473707e-08;1040
0.26587203921552827;0.2658717883443765;2.5087115174127206e-07;1040
0.04380725363309168;0.043807259688327146;6.0552354658183205e-09;1040
0.16285754255803098;0.16285746058311948;8.197491149775082e-08;1040
0.0038745499388105342;0.0038745499178270667;2.0983467567681213e-11;1040
0.6546275765234981;0.6546284527041032;8.761806050694432e-07;1040
0.14040698903568194;0.1404070317065241;4.267084216524886e-08;1040
0.7866793455760521;0.7866782302860795;1.1152899725974663e-06;1040
0.680503995881725;0.6805028801648924;1.1157168327002864e-06;1040
0.9706757933544957;0.9706772123541544;1.4189996586644327e-06;1040
0.3965144869518913;0.3965144050786467;8.187324457287204e-08;1040
0.9213919134510528;0.9213908874587448;1.0259923080013778e-06;1040
0.4537041723195332;0.4537035274244661;6.448950670701059e-07;1040
0.3395037398362071;0.3395036385935693;1.0124263777333553e-07;1040
0.10233886991705377;0.10233887650696127;6.589907508569581e-09;1040
0.8828321850718597;0.8828329432367353;7.581648756582737e-07;1040
0.7947901585625868;0.7947924214815646;2.2629189777578773e-06;1040
0.3229289765350606;0.32292930624352495;3.297084643638648e-07;1040
0.45574438492562896;0.45574488133672;4.96411091011062e-07;1040
0.32514346581324827;0.3251434744697925;8.656544259189047e-09;1040
0.028829116538094723;0.028829117338127923;8.00033199410688e-10;1040
0.04435252539911694;0.04435253211127453;6.712157593624646e-09;1040
0.3687041258820589;0.3687043504311612;2.2454910225677693e-07;1040
0.20959132812878367;0.209591289629571;3.8499212678955175e-08;1040
0.5245146032105923;0.5245156397876678;1.0365770755083048e-06;1040
0.1877850356496189;0.18778505980390822;2.415428931867858e-08;1040
0.2016215864664097;0.20162146904387782;1.1742253189228613e-07;1040
0.6726678813176303;0.672669467061151;1.58574352071561e-06;1040
0.7356026567617159;0.7356012200905246;1.4366711912350283e-06;1040
0.31223209587410494;0.3122319347388757;1.6113522921523682e-07;1040
0.8599943994333726;0.8599932419354309;1.157497941717267e-06;1040
0.2546391746557106;0.25463902404434113;1.5061136948713028e-07;1040
0.34394037628155716;0.34394020302317435;1.7325838280735084e-07;1040
0.712480390369609;0.7124814163525226;1.0259829136272103e-06;1040
0.04450290132920964;0.04450289644686786;4.882341780865218e-09;1040
0.934183460116191;0.9341833771065489;8.300964216001461e-08;1040
0.07233773178762537;0.07233771655935567;1.5228269700795494e-08;1040
0.4609310589380602;0.46093116732632705;1.0838826686176972e-07;1040
0.7246048259600892;0.7246050722133923;2.4625330308225557e-07;1040
0.04746853498479808;0.04746853722757479;2.2427767074062466e-09;1040
0.8090026856371774;0.8090040211953721;1.3355581947038786e-06;1040
0.9788933433114139;0.9788907269312203;2.6163801936096576e-06;1040
0.460511672795628;0.460511730449982;5.7654354013170206e-08;1040
0.11812363628756806;0.11812358763267522;4.8654892836896835e-08;1040
0.08147699565547994;0.08147699430502714;1.3504528051377918e-09;1040
0.09873043616313526;0.09873042906443293;7.098702334285001e-09;1040
0.7654413741364753;0.7654398131250456;1.5610114296737976e-06;1040
0.4140128484685186;0.41401246724859797;3.8121992063100407e-07;1040
0.9192341581990311;0.9192326169361484;1.5412628826538821e-06;1040
0.4406397760864845;0.4406396186358769;1.5745060760741225e-07;1040
0.07714331014460807;0.07714331033155461;1.869465415804683e-10;1040
0.42693558751800065;0.42693558605436693;1.463633714227086e-09;1040
0.7548278934255565;0.7548295511807169;1.6577551604779472e-06;1040
0.8293384268467949;0.829336041431369;2.385415425965043e-06;1040
0.039351686529191854;0.03935169026996493;3.740773073246384e-09;1040
0.1803893912563338;0.18038949608831753;1.0483198373267832e-07;1040
0.490013452023644;0.4900135147007419;6.267709790064302e-08;1040
0.12808547795160863;0.12808549456595295;1.6614344316989715e-08;1040
0.8710926419421733;0.8710926207146347;2.1227538615775643e-08;1040
0.9344608884461488;0.9344631036363442;2.2151901953870734e-06;1040
0.3195969983538176;0.31959699256186963;5.791947976785394e-09;1040
0.43484368255202;0.4348433350418929;3.475101271188663e-07;1040
0.5570540644200566;0.557055094785471;1.0303654144339092e-06;1040
0.2855057910835891;0.2855054864268794;3.0465670969315184e-07;1040
0.5410756974595614;0.541075405532037;2.9192752437623426e-07;1040
0.2011850454737838;0.20118511219118357;6.67173997714876e-08;1040
0.2966412512769129;0.2966413075827169;5.630580401927432e-08;1040
0.44178363318767744;0.4417832170778443;4.161098331456614e-07;1040
0.604669902191143;0.6046690794011067;8.227900363255714e-07;1040
0.5361650260862432;0.5361640333384466;9.927477965243625e-07;1040
0.2609879767339395;0.2609880837769519;1.0704301239838898e-07;1040
0.23178787541805523;0.23178789794555976;2.2527504528468967e-08;1040
0.11873023670071103;0.1187302838223738;4.71216627662141e-08;1040
0.7834936358921726;0.7834946784504891;1.0425583165663e-06;1040
0.09890076646638046;0.0989007299165427;3.6549837767463345e-08;1040
0.7328850061793606;0.7328865740158295;1.5678364688742619e-06;1040
0.2487736956630997;0.24877365966149306;3.6001606640301276e-08;1040
0.28455698400578255;0.2845571433998925;1.5939410996645975e-07;1040
0.7360834330107994;0.7360845526811612;1.1196703618709947e-06;1040
0.6596207917216363;0.6596194928752419;1.2988463944374473e-06;1040
0.7419215555155583;0.7419218806161928;3.25100634523956e-07;1040
0.5152830587943614;0.5152839286311002;8.698367387482975e-07;1040
0.8590958196652707;0.8590970016943098;1.1820290390929244e-06;1040
0.12179389137547159;0.12179392173324406;3.035777247639704e-08;1040
0.6451969614065052;0.6451965414803311;4.1992617405561816e-07;1040
0.11824431248865597;0.11824432366893718;1.1180281214717702e-08;1040
0.7372833681454282;0.7372852992380883;1.931092660112377e-06;1040
0.3589046614584527;0.3589042183677186;4.4309073410353506e-07;1040
0.67488210437111;0.6748826683898473;5.640187373812111e-07;1040
0.7034839134412817;0.7034835510161364;3.624251453393512e-07;1040
0.6606084576410584;0.6606068700654952;1.5875755631222788e-06;1040
0.22155798032782648;0.22155791359761998;6.673020649938799e-08;1040
0.8317998863873537;0.8317991578693523;7.285180013694159e-07;1040
0.24013608742346748;0.2401362345153699;1.4709190240824732e-07;1040
0.5181532972121122;0.5181540918605547;7.946484424925515e-07;1040
0.6746457541533513;0.6746464555479779;7.013946266010151e-07;1040
0.23360317478475656;0.23360307687646423;9.790829233469189e-08;1040
0.628511722983939;0.6285115575407529;1.6544318603983754e-07;1040
0.2868310479973286;0.2868312815737731;2.3357644446386772e-07;1040
0.1713823760843869;0.17138243379740256;5.771301567203402e-08;1040
0.809748828526577;0.8097487142261417;1.1430043533877665e-07;1040
0.5531227700773604;0.5531222636015487;5.064758117345747e-07;1040
0.32788470660885605;0.3278845179680826;1.886407734463802e-07;1040
0.5854309472055399;0.5854316526679456;7.054624057145631e-07;1040
0.025286397427288332;0.025286396822532118;6.047562138566942e-10;1040
0.12982285676032723;0.12982290888219;5.212186277026021e-08;1040
0.3955808516982431;0.39558098089427646;1.2919603337158136e-07;1040
0.9757565794644123;0.9757571922562971;6.127918847909086e-07;1040
0.5104745178761232;0.5104735644002018;9.534759214391286e-07;1040
0.07645620506689521;0.07645622325319854;1.8186303324396746e-08;1040
0.7650406152494567;0.7650421855346371;1.570285180441111e-06;1040
0.7814438709253152;0.7814440426756016;1.7175028643734436e-07;1040
0.7748021743948562;0.7748014553536858;7.190411703827948e-07;1040
0.5694980380479538;0.5694981827345663;1.4468661246880288e-07;1040
0.6956987378694627;0.6956983283219261;4.0954753655064735e-07;1040
0.21345793631163135;0.21345788517551337;5.11361179789116e-08;1040
0.7325605908939883;0.7325588868985907;1.7039953975617195e-06;1040
0.8161739873415944;0.816172510095365;1.4772462294532218e-06;1040
0.7599665402219192;0.7599676466410198;1.1064191005605295e-06;1040
0.353462402585887;0.3534619569687466;4.456171404099152e-07;1040
0.5910280505757086;0.5910280719395589;2.1363850244426885e-08;1040
0.6289893574898388;0.6289881013794146;1.2561104241193277e-06;1040
0.9008098536570839;0.9008106278499978;7.741929138882497e-07;1040
0.1080138952733335;0.10801389564749457;3.741610771212933e-10;1040
0.8339337708504084;0.8339319287284435;1.8421219649678022e-06;1040
0.5264355584690392;0.5264348011189631;7.573500760971186e-07;1040
0.3586141205519373;0.35861453834588936;4.1779395204555314e-07;1040
0.4556029014937524;0.4556023073487214;5.941450309521201e-07;1040
0.012635498930738787;0.01263549851881961;4.1191917585226e-10;1040
0.22007359233142765;0.22007362540034336;3.306891571686066e-08;1040
0.6527634200680049;0.6527636326511301;2.125831252142163e-07;1040
0.660849279754449;0.6608500114702894;7.317158404740454e-07;1040
0.4946989402863131;0.4946981262749879;8.140113252341763e-07;1040
0.9533258805973196;0.9533237083559108;2.1722414087488318e-06;1040
0.4809150885494712;0.4809143360331685;7.525163026600445e-07;1040
0.3139436595456605;0.31394378223790814;1.226922476393888e-07;1040
0.8477808391956414;0.8477835523315794;2.7131359380261344e-06;1040
0.259158299397262;0.2591582379406854;6.145657660550086e-08;1040
0.6043059930343495;0.6043066623942757;6.693599261531347e-07;1040
0.7034188523223;0.7034193698999922;5.175776922605735e-07;1040
0.8216962986917842;0.8216984769314196;2.1782396354419475e-06;1040
0.7853687501827489;0.7853678265949638;9.235877850288787e-07;1040
0.3840923305137113;0.3840920845769176;2.459367936524792e-07;1040
0.059180305962736934;0.059180315248778606;9.28604167171887e-09;1040
0.03828786548344276;0.038287860316145346;5.1672974163419205e-09;1040
0.7264603879084595;0.7264605058597593;1.1795129983838137e-07;1040
0.9616913814068508;0.9616892955276664;2.085879184487993e-06;1040
0.3431653742712939;0.3431657850056094;4.107343155035359e-07;1040
0.44119509807551416;0.4411958254160867;7.273405725483073e-07;1040
0.7257980157417766;0.7257967611806823;1.2545610943437424e-06;1040
0.6578312458538799;0.6578318029997716;5.571458917552619e-07;1040
0.26010658848413604;0.2601065851187647;3.365371314956178e-09;1040
0.6715848457987025;0.6715837852932209;1.060505481542684e-06;1040
0.3049024195743838;0.3049026301434232;2.1056903942717753e-07;1040
0.3563579065620385;0.35635838661046004;4.800484215694567e-07;1040
0.5395133052630944;0.539514168873961;8.63610866597142e-07;1040
0.7323138239267305;0.7323133137970819;5.101296486342832e-07;1040
0.15121621156796483;0.15121618901100675;2.2556958079178457e-08;1040
0.021987210892938758;0.02198721131112117;4.1818241230950903e-10;1040
0.6278299544850219;0.6278311726569255;1.2181719035719851e-06;1040
0.024564677785836264;0.024564677986386837;2.0055057267653886e-10;1040
0.04496324071616853;0.04496323873084645;1.9853220803445204e-09;1040
0.22577557672213355;0.22577541829481612;1.5842731743154204e-07;1040
0.6538768733044555;0.653877333147089;4.5984263341569687e-07;1040
0.06654509768602879;0.06654510663326346;8.947234675371618e-09;1040
0.06240576762652772;0.062405773219633115;5.5931053954960674e-09;1040
0.9720932443736168;0.9720954206823921;2.1763087753035038e-06;1040
0.4226528937805498;0.42265270421695;1.8956359981725512e-07;1040
0.8924289339928592;0.8924263727135625;2.561279296653396e-06;1040
0.21652428395276402;0.21652428241392727;1.5388367524682423e-09;1040
0.4352131794546169;0.43521296288610156;2.1656851534324062e-07;1040
0.35803513461315506;0.3580356008757493;4.662625942564169e-07;1040
0.17693553603496914;0.17693555321720947;1.718224032498661e-08;1040
0.32881318575191665;0.32881317239536756;1.335654908896089e-08;1040
0.9867958186960467;0.9867984686675375;2.649971490797931e-06;1040
0.7473090097951195;0.7473110156421492;2.005847029695751e-06;1040
0.3826682791831585;0.3826679493112111;3.298719473687761e-07;1040
0.40928443439993156;0.4092847228619204;2.884619888510187e-07;1040
0.2637409011550663;0.26374095146109694;5.030603061895178e-08;1040
0.531336678598825;0.5313367128324351;3.423361005783221e-08;1040
0.7356369121419466;0.7356383769843609;1.4648424142560401e-06;1040
0.686646615750601;0.6866452753585227;1.3403920783305878e-06;1040
0.46264983534131954;0.46264924154849413;5.937928254096114e-07;1040
0.041939046716157;0.041939047402687266;6.865302631942072e-10;1040
0.9215078064992686;0.9215074892872083;3.172120602856765e-07;1040
0.4089338030960661;0.4089335660790306;2.37017035498166e-07;1040
0.3902988670119316;0.39029909967855236;2.3266662074750144e-07;1040
0.0031101144891549914;0.0031101144649164354;2.423855604075098e-11;1040
0.13822721408191307;0.13822726527323645;5.1191323374721875e-08;1040
0.8688534175006787;0.8688521873436014;1.230157077314331e-06;1040
0.513934596181303;0.5139342799952163;3.161860866462973e-07;1040
0.7324348442226767;0.7324360797637375;1.2355410607955974e-06;1040
0.14816788643335854;0.1481678260176562;6.041570232984128e-08;1040
0.33005100665524945;0.33005100389926134;2.7559881043970336e-09;1040
0.8401365565378639;0.840137809470395;1.252932531059514e-06;1040
0.8206585211774247;0.820659234701704;7.13524279327693e-07;1040
0.2467942680862406;0.2467941445889981;1.2349724251570215e-07;1040
0.021975308333072263;0.021975308124511435;2.0856082832976242e-10;1040
0.8064669735456029;0.8064654071797522;1.5663658506914757e-06;1040
0.16884400503942165;0.1688440087827946;3.743372944953194e-09;1040
0.7876813921208954;0.7876804735505777;9.18570317698375e-07;1040
0.6836592298851071;0.6836583273133164;9.025717906396835e-07;1040
0.1683147603108942;0.16831475290263717;7.408257035601551e-09;1040
0.0784886436699127;0.07848864800321687;4.333304159942486e-09;1040
0.9276494299222889;0.9276511116851682;1.6817628792908934e-06;1040
0.5978783972833935;0.5978784692683661;7.198497253835257e-08;1040
0.620510173056511;0.6205105748405193;4.0178400828594363e-07;1040
0.4575118028380537;0.45751225616386;4.533258062822121e-07;1040
0.15007097732228858;0.15007090103566462;7.628662396230723e-08;1040
0.6019699129465877;0.6019697940419356;1.1890465212438528e-07;1040
0.2524728800375037;0.2524730209331555;1.4089565181230057e-07;1040
0.8058946560175415;0.8058951743558685;5.183383270379593e-07;1040
0.732718954805416;0.732718597754417;3.5705099910021687e-07;1040
0.027267185045511733;0.027267183217301698;1.8282100347488672e-09;1040
0.9324230096450348;0.932422290435828;7.19209206745397e-07;1040
0.03631604832667812;0.036316045908744134;2.4179339849772497e-09;1040
0.0896193188307074;0.08961933729743737;1.8466729978516838e-08;1040
0.2927345609042453;0.2927344581413086;1.0276293671562797e-07;1040
0.1508090604701401;0.1508090603716034;9.853667881642991e-11;1040
0.2361450829166024;0.23614512965984052;4.674323811348913e-08;1040
0.3558094886115547;0.35580988472391695;3.961123622442386e-07;1040
0.7354997154547138;0.7354980261884253;1.6892662885181764e-06;1040
0.4047113607648444;0.4047112149951137;1.457697306750383e-07;1040
0.2698397547254259;0.26983955424758693;2.0047783894083793e-07;1040
0.4923131536276696;0.49231231513216583;8.384955037521458e-07;1040
0.39259324978876053;0.39259275899509527;4.907936652642775e-07;1040
0.310764197486207;0.31076395269024726;2.4479595972515256e-07;1040
0.900541657866744;0.9005444957831635;2.8379164195291295e-06;1040
0.5504484509596044;0.5504486211697117;1.7021010734197262e-07;1040
0.9773275109747672;0.9773287352036536;1.2242288863761885e-06;1040
0.7729124093934382;0.772914498338557;2.088945118772223e-06;1040
0.570499297619577;0.5704996093571477;3.117375707573089e-07;1040
0.26244658927686404;0.2624466009308733;1.1654009257622278e-08;1040
0.6868436562888387;0.6868431739876594;4.823011793275711e-07;1040
0.45591771896977173;0.4559176738013952;4.5168376539006516e-08;1040
0.7213877150417534;0.7213867233185375;9.917232158818123e-07;1040
0.40377880891106155;0.40377864753006265;1.6138099889762003e-07;1040
0.49600503631794757;0.49600481352327574;2.2279467182251267e-07;1040
0.02068376744575562;0.020683769059545134;1.6137895152146253e-09;1040
0.739958502320053;0.7399574899299685;1.0123900845426803e-06;1040
0.03427354435563068;0.034273546949427615;2.5937969341804923e-09;1040
0.6807253858476396;0.6807255352575339;1.49409894234509e-07;1040
0.5820036955379622;0.5820028995353195;7.960026426889755e-07;1040
0.7759176114881267;0.7759160103122382;1.601175888432671e-06;1040
0.28977759923741564;0.28977746924463793;1.2999277770875395e-07;1040
0.6861108151233298;0.6861097224875875;1.0926357423279853e-06;1040
0.20709797563103816;0.2070979785858238;2.9547856383871363e-09;1040
0.5292720013578311;0.5292726901962684;6.888384372905065e-07;1040
0.34028037925118015;0.3402801485506447;2.3070053545293234e-07;1040
0.9784545513570129;0.9784522818634129;2.2694935999378885e-06;1040
0.9718665573793185;0.9718647699762357;1.7874030827647047e-06;1040
0.20896973547336006;0.20896976306120807;2.7587848006049853e-08;1040
0.5660382358858294;0.566037817330676;4.185551533142373e-07;1040
0.3294426858782725;0.32944293148712045;2.456088479263485e-07;1040
0.9685381870202809;0.9685397492786125;1.5622583315888505e-06;1040
0.9245259481865659;0.9245234442504717;2.5039360941336852e-06;1040
0.5861458530564896;0.5861463711309317;5.180744421240391e-07;1040
0.7200844551084937;0.7200828464456512;1.6086628424893945e-06;1040
0.6813247567090696;0.6813235366737967;1.2200352728086727e-06;1040
0.353355632443361;0.3533552329178523;3.9952550867639047e-07;1040
0.91636156937516;0.9163599246340943;1.6447410656761363e-06;1040
0.899453536816357;0.899450675761454;2.861054902991711e-06;1040
0.33065846447807934;0.3306588226687168;3.5819063748387947e-07;1040
0.7473949106043586;0.7473962416926353;1.3310882767125776e-06;1040
0.009092126674448586;0.009092126489132085;1.853165017273728e-10;1040
0.8163591105584419;0.8163605958027237;1.4852442817847589e-06;1040
0.5648693453979996;0.564869343366108;2.031891654930007e-09;1040
0.9523067127509502;0.952305529419885;1.1833310652464846e-06;1040
0.3631930745481745;0.36319351598489835;4.414367238414485e-07;1040
0.6257130749033707;0.6257121920597298;8.828436408592211e-07;1040
0.3230024315033787;0.32300251976071515;8.82573364391348e-08;1040
0.7827853814039997;0.7827834463565322;1.9350474674828533e-06;1040
0.6007029967830003;0.6007034911032436;4.943202432938776e-07;1040
0.9874710229786893;0.9874675576616655;3.465317023776393e-06;1040
0.0010127930964535237;0.0010127931001553756;3.7018519759984825e-12;1040
0.14075874215813544;0.14075881017825204;6.802011659479135e-08;1040
0.043601382090813434;0.04360137831078257;3.780030864708461e-09;1040
0.1258478488128345;0.12584786629816377;1.7485329267818983e-08;1040
0.9293852970698306;0.9293876147358195;2.3176659889045936e-06;1040
0.9486082995058949;0.9486113372776782;3.0377717833429685e-06;1040
0.4804125346981437;0.4804119743798851;5.603182586244593e-07;1040
